scenario,mae,rmse,regret_vs_oracle_pct
oracle_perfect_demand,0.0,0.0,0.0
naive_seasonal,525.0044642857143,3244.5819194227843,-1.7166020812090752
ml_hgb_lags,470.0416952619747,3195.1022550571643,-1.6284972253174193
last_value,495.63839285714283,3226.187285372258,0.3468982195321774
rolling_mean,551.0606398809524,3248.114206796095,0.4707742136511821
