scenario,total_cost,fill_rate
oracle_perfect_demand,3328858.25,0.026991126431249308
naive_seasonal,3271715.0,0.04222554106119483
ml_hgb_lags,3274647.885764,0.04000391313056954
last_value,3340406.0,0.026446113301387544
rolling_mean,3344529.65625,0.015767925859339425
