multiplier,total_cost,fill_rate
0.9,2945405.6999999993,0.04335567651229398
1.0,3271715.0,0.04222554106119483
1.1,3599179.2249999996,0.04104714588785315
